{
  "project_info": {
    "project_number": "34640043863",
    "firebase_url": "https://androidjongkyu.firebaseio.com",
    "project_id": "androidjongkyu",
    "storage_bucket": "androidjongkyu.appspot.com"
  },
  "client": [
    {
      "client_info": {
        "mobilesdk_app_id": "1:34640043863:android:7521854632189095f36812",
        "android_client_info": {
          "package_name": "com.example.androidjongkyu"
        }
      },
      "oauth_client": [
        {
          "client_id": "34640043863-gcrh56dg2r5rndovaotcgotaohf9qrud.apps.googleusercontent.com",
          "client_type": 3
        }
      ],
      "api_key": [
        {
          "current_key": "AIzaSyAsFPOFqF29KcUnyfxLcR3sn2OQSDLF3Xs"
        }
      ],
      "services": {
        "appinvite_service": {
          "other_platform_oauth_client": [
            {
              "client_id": "34640043863-gcrh56dg2r5rndovaotcgotaohf9qrud.apps.googleusercontent.com",
              "client_type": 3
            }
          ]
        }
      }
    }
  ],
  "configuration_version": "1"
}