{
  "project_info": {
    "project_number": "444640806673",
    "firebase_url": "https://jongkyu-8ad84.firebaseio.com",
    "project_id": "jongkyu-8ad84",
    "storage_bucket": "jongkyu-8ad84.appspot.com"
  },
  "client": [
    {
      "client_info": {
        "mobilesdk_app_id": "1:444640806673:android:3c55bab1d074371d5aeeb0",
        "android_client_info": {
          "package_name": "com.example.jongkyu"
        }
      },
      "oauth_client": [
        {
          "client_id": "444640806673-1g5ebprt4r55a8n1o8prg7mkrn50tua9.apps.googleusercontent.com",
          "client_type": 3
        }
      ],
      "api_key": [
        {
          "current_key": "AIzaSyCU7AMng0ebfZ9kXIU0Aw72uA0VX-dnjpU"
        }
      ],
      "services": {
        "appinvite_service": {
          "other_platform_oauth_client": [
            {
              "client_id": "444640806673-1g5ebprt4r55a8n1o8prg7mkrn50tua9.apps.googleusercontent.com",
              "client_type": 3
            }
          ]
        }
      }
    },
    {
      "client_info": {
        "mobilesdk_app_id": "1:444640806673:android:7f49204222035bfa5aeeb0",
        "android_client_info": {
          "package_name": "net.npaka.imageclassificationex"
        }
      },
      "oauth_client": [
        {
          "client_id": "444640806673-1g5ebprt4r55a8n1o8prg7mkrn50tua9.apps.googleusercontent.com",
          "client_type": 3
        }
      ],
      "api_key": [
        {
          "current_key": "AIzaSyCU7AMng0ebfZ9kXIU0Aw72uA0VX-dnjpU"
        }
      ],
      "services": {
        "appinvite_service": {
          "other_platform_oauth_client": [
            {
              "client_id": "444640806673-1g5ebprt4r55a8n1o8prg7mkrn50tua9.apps.googleusercontent.com",
              "client_type": 3
            }
          ]
        }
      }
    }
  ],
  "configuration_version": "1"
}